Id,Date,Open,Close,Symbol,Company
20230102AMZO34,2023-01-02,22.41,22.79,AMZO34,AMAZON DRN
20230103AMZO34,2023-01-03,22.84,23.37,AMZO34,AMAZON DRN
20230104AMZO34,2023-01-04,23.6,22.96,AMZO34,AMAZON DRN
20230105AMZO34,2023-01-05,23.2,22.14,AMZO34,AMAZON DRN
20230106AMZO34,2023-01-06,22.14,22.27,AMZO34,AMAZON DRN
20230109AMZO34,2023-01-09,22.53,22.81,AMZO34,AMAZON DRN
20230110AMZO34,2023-01-10,22.81,23.46,AMZO34,AMAZON DRN
20230111AMZO34,2023-01-11,23.55,24.47,AMZO34,AMAZON DRN
20230112AMZO34,2023-01-12,24.59,24.25,AMZO34,AMAZON DRN
20230113AMZO34,2023-01-13,24.25,24.88,AMZO34,AMAZON DRN
20230116AMZO34,2023-01-16,25.02,24.89,AMZO34,AMAZON DRN
20230117AMZO34,2023-01-17,25.1,24.41,AMZO34,AMAZON DRN
20230118AMZO34,2023-01-18,24.45,24.56,AMZO34,AMAZON DRN
20230119AMZO34,2023-01-19,24.5,24.21,AMZO34,AMAZON DRN
20230120AMZO34,2023-01-20,24.4,25.4,AMZO34,AMAZON DRN
20230123AMZO34,2023-01-23,25.4,25.4,AMZO34,AMAZON DRN
20230124AMZO34,2023-01-24,25.38,24.77,AMZO34,AMAZON DRN
20230125AMZO34,2023-01-25,23.92,24.56,AMZO34,AMAZON DRN
20230126AMZO34,2023-01-26,24.92,24.92,AMZO34,AMAZON DRN
20230127AMZO34,2023-01-27,25.1,26.0,AMZO34,AMAZON DRN
20230130AMZO34,2023-01-30,25.99,25.71,AMZO34,AMAZON DRN
20230131AMZO34,2023-01-31,25.66,26.0,AMZO34,AMAZON DRN
20230201AMZO34,2023-02-01,26.04,26.66,AMZO34,AMAZON DRN
20230202AMZO34,2023-02-02,27.4,27.95,AMZO34,AMAZON DRN
20230203AMZO34,2023-02-03,27.51,26.27,AMZO34,AMAZON DRN
20230206AMZO34,2023-02-06,26.34,26.24,AMZO34,AMAZON DRN
20230207AMZO34,2023-02-07,26.36,26.4,AMZO34,AMAZON DRN
20230208AMZO34,2023-02-08,26.4,25.85,AMZO34,AMAZON DRN
20230209AMZO34,2023-02-09,26.2,25.82,AMZO34,AMAZON DRN
20230210AMZO34,2023-02-10,25.75,25.45,AMZO34,AMAZON DRN
20230213AMZO34,2023-02-13,25.48,25.5,AMZO34,AMAZON DRN
20230214AMZO34,2023-02-14,25.65,25.92,AMZO34,AMAZON DRN
20230215AMZO34,2023-02-15,26.0,26.23,AMZO34,AMAZON DRN
20230216AMZO34,2023-02-16,26.3,25.53,AMZO34,AMAZON DRN
20230217AMZO34,2023-02-17,25.6,25.15,AMZO34,AMAZON DRN
20230222AMZO34,2023-02-22,25.23,24.65,AMZO34,AMAZON DRN
20230223AMZO34,2023-02-23,24.69,24.4,AMZO34,AMAZON DRN
20230224AMZO34,2023-02-24,24.39,24.15,AMZO34,AMAZON DRN
20230227AMZO34,2023-02-27,24.36,24.24,AMZO34,AMAZON DRN
20230228AMZO34,2023-02-28,24.33,24.49,AMZO34,AMAZON DRN
20230301AMZO34,2023-03-01,24.49,23.82,AMZO34,AMAZON DRN
20230302AMZO34,2023-03-02,23.82,23.82,AMZO34,AMAZON DRN
20230303AMZO34,2023-03-03,23.91,24.54,AMZO34,AMAZON DRN
20230306AMZO34,2023-03-06,24.54,24.17,AMZO34,AMAZON DRN
20230307AMZO34,2023-03-07,24.26,24.12,AMZO34,AMAZON DRN
20230308AMZO34,2023-03-08,24.13,24.0,AMZO34,AMAZON DRN
20230309AMZO34,2023-03-09,24.0,23.7,AMZO34,AMAZON DRN
20230310AMZO34,2023-03-10,23.9,23.52,AMZO34,AMAZON DRN
20230313AMZO34,2023-03-13,23.5,24.33,AMZO34,AMAZON DRN
20230314AMZO34,2023-03-14,24.48,24.76,AMZO34,AMAZON DRN
20230315AMZO34,2023-03-15,24.67,25.39,AMZO34,AMAZON DRN
20230316AMZO34,2023-03-16,25.45,26.14,AMZO34,AMAZON DRN
20230317AMZO34,2023-03-17,26.1,26.21,AMZO34,AMAZON DRN
20230320AMZO34,2023-03-20,26.01,25.52,AMZO34,AMAZON DRN
20230321AMZO34,2023-03-21,25.62,26.27,AMZO34,AMAZON DRN
20230322AMZO34,2023-03-22,26.27,25.87,AMZO34,AMAZON DRN
20230323AMZO34,2023-03-23,26.01,26.0,AMZO34,AMAZON DRN
20230324AMZO34,2023-03-24,26.04,25.76,AMZO34,AMAZON DRN
20230327AMZO34,2023-03-27,25.76,25.47,AMZO34,AMAZON DRN
20230328AMZO34,2023-03-28,25.21,25.03,AMZO34,AMAZON DRN
20230329AMZO34,2023-03-29,25.21,25.72,AMZO34,AMAZON DRN
20230331AMZO34,2023-03-31,25.92,26.23,AMZO34,AMAZON DRN
20230102CSCO34,2023-01-02,50.49,51.17,CSCO34,CISCO DRN
20230103CSCO34,2023-01-03,51.17,52.23,CSCO34,CISCO DRN
20230104CSCO34,2023-01-04,51.96,51.53,CSCO34,CISCO DRN
20230105CSCO34,2023-01-05,51.07,50.35,CSCO34,CISCO DRN
20230106CSCO34,2023-01-06,50.35,50.64,CSCO34,CISCO DRN
20230109CSCO34,2023-01-09,51.02,51.17,CSCO34,CISCO DRN
20230110CSCO34,2023-01-10,51.17,51.17,CSCO34,CISCO DRN
20230111CSCO34,2023-01-11,50.67,50.83,CSCO34,CISCO DRN
20230112CSCO34,2023-01-12,50.34,50.34,CSCO34,CISCO DRN
20230113CSCO34,2023-01-13,49.81,50.18,CSCO34,CISCO DRN
20230116CSCO34,2023-01-16,50.36,49.91,CSCO34,CISCO DRN
20230117CSCO34,2023-01-17,49.85,49.21,CSCO34,CISCO DRN
20230118CSCO34,2023-01-18,48.86,48.51,CSCO34,CISCO DRN
20230119CSCO34,2023-01-19,48.83,48.23,CSCO34,CISCO DRN
20230120CSCO34,2023-01-20,48.0,48.49,CSCO34,CISCO DRN
20230123CSCO34,2023-01-23,48.95,49.64,CSCO34,CISCO DRN
20230124CSCO34,2023-01-24,49.53,49.03,CSCO34,CISCO DRN
20230125CSCO34,2023-01-25,49.02,48.73,CSCO34,CISCO DRN
20230126CSCO34,2023-01-26,49.05,49.1,CSCO34,CISCO DRN
20230127CSCO34,2023-01-27,49.1,49.66,CSCO34,CISCO DRN
20230130CSCO34,2023-01-30,48.7,49.1,CSCO34,CISCO DRN
20230131CSCO34,2023-01-31,49.1,49.18,CSCO34,CISCO DRN
20230201CSCO34,2023-02-01,49.1,49.33,CSCO34,CISCO DRN
20230202CSCO34,2023-02-02,48.1,50.0,CSCO34,CISCO DRN
20230203CSCO34,2023-02-03,50.0,50.0,CSCO34,CISCO DRN
20230206CSCO34,2023-02-06,50.16,49.12,CSCO34,CISCO DRN
20230207CSCO34,2023-02-07,49.12,49.8,CSCO34,CISCO DRN
20230208CSCO34,2023-02-08,52.5,48.83,CSCO34,CISCO DRN
20230209CSCO34,2023-02-09,49.19,49.12,CSCO34,CISCO DRN
20230210CSCO34,2023-02-10,49.4,49.26,CSCO34,CISCO DRN
20230213CSCO34,2023-02-13,49.26,49.28,CSCO34,CISCO DRN
20230214CSCO34,2023-02-14,49.5,49.7,CSCO34,CISCO DRN
20230215CSCO34,2023-02-15,49.7,50.39,CSCO34,CISCO DRN
20230216CSCO34,2023-02-16,50.88,53.17,CSCO34,CISCO DRN
20230217CSCO34,2023-02-17,53.17,52.51,CSCO34,CISCO DRN
20230222CSCO34,2023-02-22,51.12,50.56,CSCO34,CISCO DRN
20230223CSCO34,2023-02-23,50.41,50.5,CSCO34,CISCO DRN
20230224CSCO34,2023-02-24,50.64,50.5,CSCO34,CISCO DRN
20230227CSCO34,2023-02-27,50.82,50.58,CSCO34,CISCO DRN
20230228CSCO34,2023-02-28,50.58,50.78,CSCO34,CISCO DRN
20230301CSCO34,2023-03-01,50.43,49.93,CSCO34,CISCO DRN
20230302CSCO34,2023-03-02,50.27,50.51,CSCO34,CISCO DRN
20230303CSCO34,2023-03-03,50.53,51.44,CSCO34,CISCO DRN
20230306CSCO34,2023-03-06,51.52,51.19,CSCO34,CISCO DRN
20230307CSCO34,2023-03-07,51.26,50.6,CSCO34,CISCO DRN
20230308CSCO34,2023-03-08,50.9,50.29,CSCO34,CISCO DRN
20230309CSCO34,2023-03-09,50.29,50.39,CSCO34,CISCO DRN
20230313CSCO34,2023-03-13,51.05,50.91,CSCO34,CISCO DRN
20230314CSCO34,2023-03-14,50.8,51.0,CSCO34,CISCO DRN
20230315CSCO34,2023-03-15,51.0,52.0,CSCO34,CISCO DRN
20230316CSCO34,2023-03-16,51.91,52.59,CSCO34,CISCO DRN
20230317CSCO34,2023-03-17,52.82,52.7,CSCO34,CISCO DRN
20230320CSCO34,2023-03-20,52.72,53.43,CSCO34,CISCO DRN
20230321CSCO34,2023-03-21,53.46,53.29,CSCO34,CISCO DRN
20230322CSCO34,2023-03-22,53.28,51.87,CSCO34,CISCO DRN
20230323CSCO34,2023-03-23,52.38,52.35,CSCO34,CISCO DRN
20230324CSCO34,2023-03-24,52.56,52.63,CSCO34,CISCO DRN
20230327CSCO34,2023-03-27,52.79,52.3,CSCO34,CISCO DRN
20230328CSCO34,2023-03-28,51.59,52.0,CSCO34,CISCO DRN
20230329CSCO34,2023-03-29,52.45,52.51,CSCO34,CISCO DRN
20230331CSCO34,2023-03-31,52.39,52.56,CSCO34,CISCO DRN
20230102NFLX34,2023-01-02,30.8,30.51,NFLX34,NETFLIX DRN
20230103NFLX34,2023-01-03,31.65,32.32,NFLX34,NETFLIX DRN
20230104NFLX34,2023-01-04,32.39,33.75,NFLX34,NETFLIX DRN
20230105NFLX34,2023-01-05,33.43,33.14,NFLX34,NETFLIX DRN
20230106NFLX34,2023-01-06,33.12,33.04,NFLX34,NETFLIX DRN
20230109NFLX34,2023-01-09,33.28,33.3,NFLX34,NETFLIX DRN
20230110NFLX34,2023-01-10,33.25,34.38,NFLX34,NETFLIX DRN
20230111NFLX34,2023-01-11,34.11,33.52,NFLX34,NETFLIX DRN
20230112NFLX34,2023-01-12,33.78,33.77,NFLX34,NETFLIX DRN
20230113NFLX34,2023-01-13,33.66,33.67,NFLX34,NETFLIX DRN
20230116NFLX34,2023-01-16,33.67,35.1,NFLX34,NETFLIX DRN
20230117NFLX34,2023-01-17,34.2,33.33,NFLX34,NETFLIX DRN
20230118NFLX34,2023-01-18,33.33,33.74,NFLX34,NETFLIX DRN
20230119NFLX34,2023-01-19,33.52,34.42,NFLX34,NETFLIX DRN
20230120NFLX34,2023-01-20,35.2,35.4,NFLX34,NETFLIX DRN
20230123NFLX34,2023-01-23,35.4,37.08,NFLX34,NETFLIX DRN
20230124NFLX34,2023-01-24,36.95,37.13,NFLX34,NETFLIX DRN
20230125NFLX34,2023-01-25,36.42,37.13,NFLX34,NETFLIX DRN
20230126NFLX34,2023-01-26,37.43,36.82,NFLX34,NETFLIX DRN
20230127NFLX34,2023-01-27,36.82,36.67,NFLX34,NETFLIX DRN
20230130NFLX34,2023-01-30,36.65,36.11,NFLX34,NETFLIX DRN
20230131NFLX34,2023-01-31,36.11,36.03,NFLX34,NETFLIX DRN
20230201NFLX34,2023-02-01,35.94,36.67,NFLX34,NETFLIX DRN
20230202NFLX34,2023-02-02,36.77,37.0,NFLX34,NETFLIX DRN
20230203NFLX34,2023-02-03,37.0,37.46,NFLX34,NETFLIX DRN
20230206NFLX34,2023-02-06,37.46,37.38,NFLX34,NETFLIX DRN
20230207NFLX34,2023-02-07,37.38,38.0,NFLX34,NETFLIX DRN
20230208NFLX34,2023-02-08,37.26,37.77,NFLX34,NETFLIX DRN
20230209NFLX34,2023-02-09,38.5,38.1,NFLX34,NETFLIX DRN
20230210NFLX34,2023-02-10,37.99,36.16,NFLX34,NETFLIX DRN
20230213NFLX34,2023-02-13,36.18,37.14,NFLX34,NETFLIX DRN
20230214NFLX34,2023-02-14,37.0,37.05,NFLX34,NETFLIX DRN
20230215NFLX34,2023-02-15,37.13,37.6,NFLX34,NETFLIX DRN
20230216NFLX34,2023-02-16,37.6,36.69,NFLX34,NETFLIX DRN
20230217NFLX34,2023-02-17,36.47,35.71,NFLX34,NETFLIX DRN
20230222NFLX34,2023-02-22,35.49,34.45,NFLX34,NETFLIX DRN
20230223NFLX34,2023-02-23,34.4,32.98,NFLX34,NETFLIX DRN
20230224NFLX34,2023-02-24,32.98,33.15,NFLX34,NETFLIX DRN
20230227NFLX34,2023-02-27,33.14,33.5,NFLX34,NETFLIX DRN
20230228NFLX34,2023-02-28,33.7,33.8,NFLX34,NETFLIX DRN
20230301NFLX34,2023-03-01,33.8,32.49,NFLX34,NETFLIX DRN
20230302NFLX34,2023-03-02,32.49,32.36,NFLX34,NETFLIX DRN
20230303NFLX34,2023-03-03,32.7,33.0,NFLX34,NETFLIX DRN
20230306NFLX34,2023-03-06,32.98,32.18,NFLX34,NETFLIX DRN
20230307NFLX34,2023-03-07,32.27,31.81,NFLX34,NETFLIX DRN
20230308NFLX34,2023-03-08,32.0,31.98,NFLX34,NETFLIX DRN
20230309NFLX34,2023-03-09,31.97,31.12,NFLX34,NETFLIX DRN
20230310NFLX34,2023-03-10,30.9,30.31,NFLX34,NETFLIX DRN
20230313NFLX34,2023-03-13,30.31,31.1,NFLX34,NETFLIX DRN
20230314NFLX34,2023-03-14,31.0,30.9,NFLX34,NETFLIX DRN
20230315NFLX34,2023-03-15,30.9,32.32,NFLX34,NETFLIX DRN
20230316NFLX34,2023-03-16,32.26,32.32,NFLX34,NETFLIX DRN
20230317NFLX34,2023-03-17,32.31,31.92,NFLX34,NETFLIX DRN
20230320NFLX34,2023-03-20,31.91,32.0,NFLX34,NETFLIX DRN
20230321NFLX34,2023-03-21,32.0,31.96,NFLX34,NETFLIX DRN
20230322NFLX34,2023-03-22,31.96,30.69,NFLX34,NETFLIX DRN
20230323NFLX34,2023-03-23,31.45,33.6,NFLX34,NETFLIX DRN
20230324NFLX34,2023-03-24,34.07,34.58,NFLX34,NETFLIX DRN
20230327NFLX34,2023-03-27,34.3,34.02,NFLX34,NETFLIX DRN
20230328NFLX34,2023-03-28,33.89,33.35,NFLX34,NETFLIX DRN
20230329NFLX34,2023-03-29,33.7,34.2,NFLX34,NETFLIX DRN
20230331NFLX34,2023-03-31,34.7,35.06,NFLX34,NETFLIX DRN
20230102MCDC34,2023-01-02,69.54,70.0,MCDC34,MCDONALDS DRN
20230103MCDC34,2023-01-03,70.34,72.49,MCDC34,MCDONALDS DRN
20230104MCDC34,2023-01-04,72.31,71.44,MCDC34,MCDONALDS DRN
20230105MCDC34,2023-01-05,71.45,70.06,MCDC34,MCDONALDS DRN
20230106MCDC34,2023-01-06,70.06,72.29,MCDC34,MCDONALDS DRN
20230109MCDC34,2023-01-09,72.29,70.29,MCDC34,MCDONALDS DRN
20230110MCDC34,2023-01-10,71.0,69.99,MCDC34,MCDONALDS DRN
20230111MCDC34,2023-01-11,70.0,69.4,MCDC34,MCDONALDS DRN
20230112MCDC34,2023-01-12,68.6,67.91,MCDC34,MCDONALDS DRN
20230113MCDC34,2023-01-13,69.27,68.65,MCDC34,MCDONALDS DRN
20230116MCDC34,2023-01-16,68.65,69.63,MCDC34,MCDONALDS DRN
20230117MCDC34,2023-01-17,69.5,69.79,MCDC34,MCDONALDS DRN
20230118MCDC34,2023-01-18,68.39,68.86,MCDC34,MCDONALDS DRN
20230119MCDC34,2023-01-19,68.86,68.33,MCDC34,MCDONALDS DRN
20230120MCDC34,2023-01-20,68.33,69.53,MCDC34,MCDONALDS DRN
20230123MCDC34,2023-01-23,69.53,68.51,MCDC34,MCDONALDS DRN
20230124MCDC34,2023-01-24,68.51,69.15,MCDC34,MCDONALDS DRN
20230125MCDC34,2023-01-25,69.15,69.12,MCDC34,MCDONALDS DRN
20230126MCDC34,2023-01-26,69.16,69.05,MCDC34,MCDONALDS DRN
20230127MCDC34,2023-01-27,69.0,69.8,MCDC34,MCDONALDS DRN
20230130MCDC34,2023-01-30,68.96,69.22,MCDC34,MCDONALDS DRN
20230131MCDC34,2023-01-31,68.25,67.25,MCDC34,MCDONALDS DRN
20230201MCDC34,2023-02-01,67.61,66.27,MCDC34,MCDONALDS DRN
20230202MCDC34,2023-02-02,66.27,66.22,MCDC34,MCDONALDS DRN
20230203MCDC34,2023-02-03,67.55,67.66,MCDC34,MCDONALDS DRN
20230206MCDC34,2023-02-06,67.9,68.91,MCDC34,MCDONALDS DRN
20230207MCDC34,2023-02-07,68.91,69.48,MCDC34,MCDONALDS DRN
20230208MCDC34,2023-02-08,69.48,68.47,MCDC34,MCDONALDS DRN
20230209MCDC34,2023-02-09,68.47,68.85,MCDC34,MCDONALDS DRN
20230210MCDC34,2023-02-10,68.38,68.33,MCDC34,MCDONALDS DRN
20230213MCDC34,2023-02-13,68.32,68.42,MCDC34,MCDONALDS DRN
20230214MCDC34,2023-02-14,68.42,69.06,MCDC34,MCDONALDS DRN
20230215MCDC34,2023-02-15,69.07,69.57,MCDC34,MCDONALDS DRN
20230216MCDC34,2023-02-16,70.0,69.1,MCDC34,MCDONALDS DRN
20230217MCDC34,2023-02-17,69.2,69.78,MCDC34,MCDONALDS DRN
20230222MCDC34,2023-02-22,69.8,68.97,MCDC34,MCDONALDS DRN
20230223MCDC34,2023-02-23,68.98,68.8,MCDC34,MCDONALDS DRN
20230224MCDC34,2023-02-24,68.8,68.8,MCDC34,MCDONALDS DRN
20230227MCDC34,2023-02-27,68.79,68.44,MCDC34,MCDONALDS DRN
20230228MCDC34,2023-02-28,69.7,69.29,MCDC34,MCDONALDS DRN
20230301MCDC34,2023-03-01,69.29,67.89,MCDC34,MCDONALDS DRN
20230302MCDC34,2023-03-02,67.89,70.48,MCDC34,MCDONALDS DRN
20230303MCDC34,2023-03-03,70.47,69.4,MCDC34,MCDONALDS DRN
20230306MCDC34,2023-03-06,70.07,69.65,MCDC34,MCDONALDS DRN
20230307MCDC34,2023-03-07,70.43,69.29,MCDC34,MCDONALDS DRN
20230308MCDC34,2023-03-08,69.2,67.91,MCDC34,MCDONALDS DRN
20230309MCDC34,2023-03-09,68.97,67.28,MCDC34,MCDONALDS DRN
20230310MCDC34,2023-03-10,67.28,68.08,MCDC34,MCDONALDS DRN
20230313MCDC34,2023-03-13,68.11,69.46,MCDC34,MCDONALDS DRN
20230314MCDC34,2023-03-14,69.43,69.48,MCDC34,MCDONALDS DRN
20230315MCDC34,2023-03-15,70.0,70.75,MCDC34,MCDONALDS DRN
20230316MCDC34,2023-03-16,70.74,70.89,MCDC34,MCDONALDS DRN
20230317MCDC34,2023-03-17,70.89,70.01,MCDC34,MCDONALDS DRN
20230320MCDC34,2023-03-20,70.03,70.78,MCDC34,MCDONALDS DRN
20230321MCDC34,2023-03-21,70.78,70.85,MCDC34,MCDONALDS DRN
20230322MCDC34,2023-03-22,71.51,70.2,MCDC34,MCDONALDS DRN
20230323MCDC34,2023-03-23,71.18,71.42,MCDC34,MCDONALDS DRN
20230324MCDC34,2023-03-24,71.42,71.28,MCDC34,MCDONALDS DRN
20230327MCDC34,2023-03-27,71.28,71.23,MCDC34,MCDONALDS DRN
20230328MCDC34,2023-03-28,70.62,71.15,MCDC34,MCDONALDS DRN
20230329MCDC34,2023-03-29,71.14,71.1,MCDC34,MCDONALDS DRN
20230331MCDC34,2023-03-31,70.72,70.72,MCDC34,MCDONALDS DRN
20230102MGLU3,2023-01-02,2.65,2.59,MGLU3,MAGAZ LUIZA ON NM
20230103MGLU3,2023-01-03,2.6,2.54,MGLU3,MAGAZ LUIZA ON NM
20230104MGLU3,2023-01-04,2.59,2.55,MGLU3,MAGAZ LUIZA ON NM
20230105MGLU3,2023-01-05,2.58,2.66,MGLU3,MAGAZ LUIZA ON NM
20230106MGLU3,2023-01-06,2.67,2.76,MGLU3,MAGAZ LUIZA ON NM
20230109MGLU3,2023-01-09,2.68,2.83,MGLU3,MAGAZ LUIZA ON NM
20230110MGLU3,2023-01-10,2.79,3.05,MGLU3,MAGAZ LUIZA ON NM
20230111MGLU3,2023-01-11,3.07,3.03,MGLU3,MAGAZ LUIZA ON NM
20230112MGLU3,2023-01-12,2.7,3.19,MGLU3,MAGAZ LUIZA ON NM
20230113MGLU3,2023-01-13,3.16,3.43,MGLU3,MAGAZ LUIZA ON NM
20230116MGLU3,2023-01-16,3.38,3.85,MGLU3,MAGAZ LUIZA ON NM
20230117MGLU3,2023-01-17,3.9,3.79,MGLU3,MAGAZ LUIZA ON NM
20230118MGLU3,2023-01-18,3.84,3.56,MGLU3,MAGAZ LUIZA ON NM
20230119MGLU3,2023-01-19,3.47,3.81,MGLU3,MAGAZ LUIZA ON NM
20230120MGLU3,2023-01-20,3.85,3.82,MGLU3,MAGAZ LUIZA ON NM
20230123MGLU3,2023-01-23,3.86,4.04,MGLU3,MAGAZ LUIZA ON NM
20230124MGLU3,2023-01-24,4.08,4.39,MGLU3,MAGAZ LUIZA ON NM
20230125MGLU3,2023-01-25,4.39,4.35,MGLU3,MAGAZ LUIZA ON NM
20230126MGLU3,2023-01-26,4.38,4.28,MGLU3,MAGAZ LUIZA ON NM
20230127MGLU3,2023-01-27,4.31,4.53,MGLU3,MAGAZ LUIZA ON NM
20230130MGLU3,2023-01-30,4.59,4.36,MGLU3,MAGAZ LUIZA ON NM
20230131MGLU3,2023-01-31,4.39,4.43,MGLU3,MAGAZ LUIZA ON NM
20230201MGLU3,2023-02-01,4.4,4.29,MGLU3,MAGAZ LUIZA ON NM
20230202MGLU3,2023-02-02,4.27,4.34,MGLU3,MAGAZ LUIZA ON NM
20230203MGLU3,2023-02-03,4.37,4.27,MGLU3,MAGAZ LUIZA ON NM
20230206MGLU3,2023-02-06,4.27,4.13,MGLU3,MAGAZ LUIZA ON NM
20230207MGLU3,2023-02-07,4.17,4.05,MGLU3,MAGAZ LUIZA ON NM
20230208MGLU3,2023-02-08,4.11,4.22,MGLU3,MAGAZ LUIZA ON NM
20230209MGLU3,2023-02-09,4.22,4.11,MGLU3,MAGAZ LUIZA ON NM
20230210MGLU3,2023-02-10,4.06,3.99,MGLU3,MAGAZ LUIZA ON NM
20230213MGLU3,2023-02-13,3.99,4.13,MGLU3,MAGAZ LUIZA ON NM
20230214MGLU3,2023-02-14,4.15,4.06,MGLU3,MAGAZ LUIZA ON NM
20230215MGLU3,2023-02-15,4.04,3.89,MGLU3,MAGAZ LUIZA ON NM
20230216MGLU3,2023-02-16,3.89,3.81,MGLU3,MAGAZ LUIZA ON NM
20230217MGLU3,2023-02-17,3.75,3.66,MGLU3,MAGAZ LUIZA ON NM
20230222MGLU3,2023-02-22,3.6,3.52,MGLU3,MAGAZ LUIZA ON NM
20230223MGLU3,2023-02-23,3.53,3.56,MGLU3,MAGAZ LUIZA ON NM
20230224MGLU3,2023-02-24,3.66,3.61,MGLU3,MAGAZ LUIZA ON NM
20230227MGLU3,2023-02-27,3.69,3.65,MGLU3,MAGAZ LUIZA ON NM
20230228MGLU3,2023-02-28,3.66,3.59,MGLU3,MAGAZ LUIZA ON NM
20230301MGLU3,2023-03-01,3.64,3.23,MGLU3,MAGAZ LUIZA ON NM
20230302MGLU3,2023-03-02,3.24,3.15,MGLU3,MAGAZ LUIZA ON NM
20230303MGLU3,2023-03-03,3.16,3.02,MGLU3,MAGAZ LUIZA ON NM
20230306MGLU3,2023-03-06,3.04,3.19,MGLU3,MAGAZ LUIZA ON NM
20230307MGLU3,2023-03-07,3.19,3.22,MGLU3,MAGAZ LUIZA ON NM
20230308MGLU3,2023-03-08,3.21,3.43,MGLU3,MAGAZ LUIZA ON NM
20230309MGLU3,2023-03-09,3.4,3.39,MGLU3,MAGAZ LUIZA ON NM
20230310MGLU3,2023-03-10,3.17,3.4,MGLU3,MAGAZ LUIZA ON NM
20230313MGLU3,2023-03-13,3.36,3.72,MGLU3,MAGAZ LUIZA ON NM
20230314MGLU3,2023-03-14,3.72,3.73,MGLU3,MAGAZ LUIZA ON NM
20230315MGLU3,2023-03-15,3.65,3.81,MGLU3,MAGAZ LUIZA ON NM
20230316MGLU3,2023-03-16,3.85,3.89,MGLU3,MAGAZ LUIZA ON NM
20230317MGLU3,2023-03-17,3.88,3.78,MGLU3,MAGAZ LUIZA ON NM
20230320MGLU3,2023-03-20,3.85,3.71,MGLU3,MAGAZ LUIZA ON NM
20230321MGLU3,2023-03-21,3.73,3.7,MGLU3,MAGAZ LUIZA ON NM
20230322MGLU3,2023-03-22,3.69,3.59,MGLU3,MAGAZ LUIZA ON NM
20230323MGLU3,2023-03-23,3.6,3.11,MGLU3,MAGAZ LUIZA ON NM
20230324MGLU3,2023-03-24,3.22,3.23,MGLU3,MAGAZ LUIZA ON NM
20230327MGLU3,2023-03-27,3.29,3.34,MGLU3,MAGAZ LUIZA ON NM
20230328MGLU3,2023-03-28,3.33,3.38,MGLU3,MAGAZ LUIZA ON NM
20230329MGLU3,2023-03-29,3.42,3.35,MGLU3,MAGAZ LUIZA ON NM
20230331MGLU3,2023-03-31,3.44,3.31,MGLU3,MAGAZ LUIZA ON NM
20230102PETR4,2023-01-02,23.54,22.92,PETR4,PETROBRAS PN N2
20230103PETR4,2023-01-03,22.94,22.34,PETR4,PETROBRAS PN N2
20230104PETR4,2023-01-04,21.96,23.05,PETR4,PETROBRAS PN N2
20230105PETR4,2023-01-05,23.34,23.88,PETR4,PETROBRAS PN N2
20230106PETR4,2023-01-06,23.94,23.74,PETR4,PETROBRAS PN N2
20230109PETR4,2023-01-09,23.5,23.87,PETR4,PETROBRAS PN N2
20230110PETR4,2023-01-10,23.95,24.09,PETR4,PETROBRAS PN N2
20230111PETR4,2023-01-11,24.15,24.28,PETR4,PETROBRAS PN N2
20230112PETR4,2023-01-12,24.29,24.63,PETR4,PETROBRAS PN N2
20230113PETR4,2023-01-13,24.44,24.57,PETR4,PETROBRAS PN N2
20230116PETR4,2023-01-16,24.41,24.04,PETR4,PETROBRAS PN N2
20230117PETR4,2023-01-17,24.11,25.52,PETR4,PETROBRAS PN N2
20230118PETR4,2023-01-18,25.84,25.07,PETR4,PETROBRAS PN N2
20230119PETR4,2023-01-19,25.0,25.89,PETR4,PETROBRAS PN N2
20230120PETR4,2023-01-20,25.89,26.37,PETR4,PETROBRAS PN N2
20230123PETR4,2023-01-23,26.27,26.79,PETR4,PETROBRAS PN N2
20230124PETR4,2023-01-24,27.47,26.6,PETR4,PETROBRAS PN N2
20230125PETR4,2023-01-25,26.55,26.94,PETR4,PETROBRAS PN N2
20230126PETR4,2023-01-26,27.09,26.25,PETR4,PETROBRAS PN N2
20230127PETR4,2023-01-27,26.18,25.62,PETR4,PETROBRAS PN N2
20230130PETR4,2023-01-30,25.85,25.75,PETR4,PETROBRAS PN N2
20230131PETR4,2023-01-31,25.63,26.07,PETR4,PETROBRAS PN N2
20230201PETR4,2023-02-01,26.07,25.71,PETR4,PETROBRAS PN N2
20230202PETR4,2023-02-02,25.51,24.52,PETR4,PETROBRAS PN N2
20230203PETR4,2023-02-03,24.54,24.79,PETR4,PETROBRAS PN N2
20230206PETR4,2023-02-06,24.87,25.78,PETR4,PETROBRAS PN N2
20230207PETR4,2023-02-07,25.91,25.62,PETR4,PETROBRAS PN N2
20230208PETR4,2023-02-08,25.8,26.05,PETR4,PETROBRAS PN N2
20230209PETR4,2023-02-09,26.05,25.93,PETR4,PETROBRAS PN N2
20230210PETR4,2023-02-10,25.98,26.72,PETR4,PETROBRAS PN N2
20230213PETR4,2023-02-13,26.69,26.8,PETR4,PETROBRAS PN N2
20230214PETR4,2023-02-14,26.85,26.7,PETR4,PETROBRAS PN N2
20230215PETR4,2023-02-15,26.58,26.74,PETR4,PETROBRAS PN N2
20230216PETR4,2023-02-16,26.6,26.85,PETR4,PETROBRAS PN N2
20230217PETR4,2023-02-17,26.67,26.44,PETR4,PETROBRAS PN N2
20230222PETR4,2023-02-22,26.0,25.76,PETR4,PETROBRAS PN N2
20230223PETR4,2023-02-23,25.77,26.55,PETR4,PETROBRAS PN N2
20230224PETR4,2023-02-24,26.67,25.9,PETR4,PETROBRAS PN N2
20230227PETR4,2023-02-27,25.84,26.15,PETR4,PETROBRAS PN N2
20230228PETR4,2023-02-28,26.21,25.24,PETR4,PETROBRAS PN N2
20230301PETR4,2023-03-01,25.31,25.3,PETR4,PETROBRAS PN N2
20230302PETR4,2023-03-02,25.42,24.64,PETR4,PETROBRAS PN N2
20230303PETR4,2023-03-03,24.83,25.7,PETR4,PETROBRAS PN N2
20230306PETR4,2023-03-06,25.7,25.96,PETR4,PETROBRAS PN N2
20230307PETR4,2023-03-07,25.72,25.1,PETR4,PETROBRAS PN N2
20230308PETR4,2023-03-08,25.15,25.42,PETR4,PETROBRAS PN N2
20230309PETR4,2023-03-09,25.35,25.31,PETR4,PETROBRAS PN N2
20230310PETR4,2023-03-10,25.16,24.98,PETR4,PETROBRAS PN N2
20230313PETR4,2023-03-13,24.55,24.19,PETR4,PETROBRAS PN N2
20230314PETR4,2023-03-14,24.28,23.76,PETR4,PETROBRAS PN N2
20230315PETR4,2023-03-15,23.33,23.34,PETR4,PETROBRAS PN N2
20230316PETR4,2023-03-16,23.4,23.26,PETR4,PETROBRAS PN N2
20230317PETR4,2023-03-17,23.1,23.51,PETR4,PETROBRAS PN N2
20230320PETR4,2023-03-20,23.51,22.93,PETR4,PETROBRAS PN N2
20230321PETR4,2023-03-21,23.2,23.4,PETR4,PETROBRAS PN N2
20230322PETR4,2023-03-22,23.39,23.33,PETR4,PETROBRAS PN N2
20230323PETR4,2023-03-23,23.37,22.8,PETR4,PETROBRAS PN N2
20230324PETR4,2023-03-24,22.71,22.79,PETR4,PETROBRAS PN N2
20230327PETR4,2023-03-27,23.11,23.18,PETR4,PETROBRAS PN N2
20230328PETR4,2023-03-28,23.22,23.59,PETR4,PETROBRAS PN N2
20230329PETR4,2023-03-29,23.71,23.9,PETR4,PETROBRAS PN N2
20230331PETR4,2023-03-31,24.0,23.45,PETR4,PETROBRAS PN N2
20230102BBDC4,2023-01-02,14.9,14.75,BBDC4,BRADESCO PN EJ N1
20230103BBDC4,2023-01-03,14.76,14.0,BBDC4,BRADESCO PN EJ N1
20230104BBDC4,2023-01-04,14.15,14.04,BBDC4,BRADESCO PN EJ N1
20230105BBDC4,2023-01-05,14.11,14.65,BBDC4,BRADESCO PN EJ N1
20230106BBDC4,2023-01-06,14.66,15.06,BBDC4,BRADESCO PN EJ N1
20230109BBDC4,2023-01-09,14.31,14.66,BBDC4,BRADESCO PN EJ N1
20230110BBDC4,2023-01-10,14.51,15.1,BBDC4,BRADESCO PN EJ N1
20230111BBDC4,2023-01-11,15.0,15.4,BBDC4,BRADESCO PN EJ N1
20230112BBDC4,2023-01-12,15.31,15.04,BBDC4,BRADESCO PN EJ N1
20230113BBDC4,2023-01-13,14.97,14.99,BBDC4,BRADESCO PN EJ N1
20230116BBDC4,2023-01-16,14.71,14.53,BBDC4,BRADESCO PN EJ N1
20230117BBDC4,2023-01-17,14.54,14.63,BBDC4,BRADESCO PN EJ N1
20230118BBDC4,2023-01-18,14.8,14.85,BBDC4,BRADESCO PN EJ N1
20230119BBDC4,2023-01-19,14.7,14.88,BBDC4,BRADESCO PN EJ N1
20230120BBDC4,2023-01-20,14.85,14.67,BBDC4,BRADESCO PN EJ N1
20230123BBDC4,2023-01-23,14.7,14.05,BBDC4,BRADESCO PN EJ N1
20230124BBDC4,2023-01-24,14.16,14.2,BBDC4,BRADESCO PN EJ N1
20230125BBDC4,2023-01-25,14.2,14.1,BBDC4,BRADESCO PN EJ N1
20230126BBDC4,2023-01-26,14.1,14.14,BBDC4,BRADESCO PN EJ N1
20230127BBDC4,2023-01-27,14.1,13.72,BBDC4,BRADESCO PN EJ N1
20230130BBDC4,2023-01-30,13.62,13.79,BBDC4,BRADESCO PN EJ N1
20230131BBDC4,2023-01-31,13.86,14.02,BBDC4,BRADESCO PN EJ N1
20230201BBDC4,2023-02-01,14.02,13.75,BBDC4,BRADESCO PN EJ N1
20230202BBDC4,2023-02-02,13.63,13.94,BBDC4,BRADESCO PN EJ N1
20230203BBDC4,2023-02-03,13.85,13.63,BBDC4,BRADESCO PN EJ N1
20230206BBDC4,2023-02-06,13.63,13.58,BBDC4,BRADESCO PN EJ N1
20230207BBDC4,2023-02-07,13.65,13.5,BBDC4,BRADESCO PN EJ N1
20230208BBDC4,2023-02-08,13.64,14.16,BBDC4,BRADESCO PN EJ N1
20230209BBDC4,2023-02-09,14.2,13.8,BBDC4,BRADESCO PN EJ N1
20230210BBDC4,2023-02-10,12.7,12.67,BBDC4,BRADESCO PN EJ N1
20230213BBDC4,2023-02-13,12.7,13.12,BBDC4,BRADESCO PN EJ N1
20230214BBDC4,2023-02-14,13.13,13.24,BBDC4,BRADESCO PN EJ N1
20230215BBDC4,2023-02-15,13.23,13.76,BBDC4,BRADESCO PN EJ N1
20230216BBDC4,2023-02-16,13.62,14.02,BBDC4,BRADESCO PN EJ N1
20230217BBDC4,2023-02-17,13.99,13.94,BBDC4,BRADESCO PN EJ N1
20230222BBDC4,2023-02-22,13.7,13.8,BBDC4,BRADESCO PN EJ N1
20230223BBDC4,2023-02-23,13.83,13.74,BBDC4,BRADESCO PN EJ N1
20230224BBDC4,2023-02-24,13.73,13.3,BBDC4,BRADESCO PN EJ N1
20230227BBDC4,2023-02-27,13.37,13.17,BBDC4,BRADESCO PN EJ N1
20230228BBDC4,2023-02-28,13.21,13.08,BBDC4,BRADESCO PN EJ N1
20230301BBDC4,2023-03-01,13.18,12.98,BBDC4,BRADESCO PN EJ N1
20230302BBDC4,2023-03-02,12.92,12.79,BBDC4,BRADESCO PN EJ N1
20230303BBDC4,2023-03-03,12.84,12.86,BBDC4,BRADESCO PN EJ N1
20230306BBDC4,2023-03-06,12.95,13.29,BBDC4,BRADESCO PN EJ N1
20230307BBDC4,2023-03-07,13.27,13.6,BBDC4,BRADESCO PN EJ N1
20230308BBDC4,2023-03-08,13.66,14.02,BBDC4,BRADESCO PN EJ N1
20230309BBDC4,2023-03-09,13.99,13.97,BBDC4,BRADESCO PN EJ N1
20230310BBDC4,2023-03-10,13.86,13.57,BBDC4,BRADESCO PN EJ N1
20230313BBDC4,2023-03-13,13.5,13.42,BBDC4,BRADESCO PN EJ N1
20230314BBDC4,2023-03-14,13.29,13.34,BBDC4,BRADESCO PN EJ N1
20230315BBDC4,2023-03-15,13.14,13.53,BBDC4,BRADESCO PN EJ N1
20230316BBDC4,2023-03-16,13.52,13.91,BBDC4,BRADESCO PN EJ N1
20230317BBDC4,2023-03-17,13.78,13.33,BBDC4,BRADESCO PN EJ N1
20230320BBDC4,2023-03-20,13.36,13.1,BBDC4,BRADESCO PN EJ N1
20230321BBDC4,2023-03-21,13.19,13.14,BBDC4,BRADESCO PN EJ N1
20230322BBDC4,2023-03-22,13.14,13.02,BBDC4,BRADESCO PN EJ N1
20230323BBDC4,2023-03-23,13.07,12.57,BBDC4,BRADESCO PN EJ N1
20230324BBDC4,2023-03-24,12.68,12.71,BBDC4,BRADESCO PN EJ N1
20230327BBDC4,2023-03-27,12.86,12.94,BBDC4,BRADESCO PN EJ N1
20230328BBDC4,2023-03-28,12.9,12.92,BBDC4,BRADESCO PN EJ N1
20230329BBDC4,2023-03-29,12.96,12.99,BBDC4,BRADESCO PN EJ N1
20230331BBDC4,2023-03-31,13.37,13.17,BBDC4,BRADESCO PN EJ N1
20230102AZUL4,2023-01-02,10.82,10.3,AZUL4,AZUL PN N2
20230103AZUL4,2023-01-03,10.43,10.16,AZUL4,AZUL PN N2
20230104AZUL4,2023-01-04,10.28,10.56,AZUL4,AZUL PN N2
20230105AZUL4,2023-01-05,10.63,11.55,AZUL4,AZUL PN N2
20230106AZUL4,2023-01-06,11.52,11.84,AZUL4,AZUL PN N2
20230109AZUL4,2023-01-09,11.52,12.0,AZUL4,AZUL PN N2
20230110AZUL4,2023-01-10,11.88,12.34,AZUL4,AZUL PN N2
20230111AZUL4,2023-01-11,12.33,12.35,AZUL4,AZUL PN N2
20230112AZUL4,2023-01-12,12.3,12.32,AZUL4,AZUL PN N2
20230113AZUL4,2023-01-13,12.17,11.66,AZUL4,AZUL PN N2
20230116AZUL4,2023-01-16,11.59,11.25,AZUL4,AZUL PN N2
20230117AZUL4,2023-01-17,11.34,11.27,AZUL4,AZUL PN N2
20230118AZUL4,2023-01-18,11.55,11.51,AZUL4,AZUL PN N2
20230119AZUL4,2023-01-19,11.36,11.48,AZUL4,AZUL PN N2
20230120AZUL4,2023-01-20,11.53,11.25,AZUL4,AZUL PN N2
20230123AZUL4,2023-01-23,11.31,11.38,AZUL4,AZUL PN N2
20230124AZUL4,2023-01-24,11.41,11.74,AZUL4,AZUL PN N2
20230125AZUL4,2023-01-25,11.72,11.99,AZUL4,AZUL PN N2
20230126AZUL4,2023-01-26,12.05,12.04,AZUL4,AZUL PN N2
20230127AZUL4,2023-01-27,12.04,11.76,AZUL4,AZUL PN N2
20230130AZUL4,2023-01-30,11.78,11.58,AZUL4,AZUL PN N2
20230131AZUL4,2023-01-31,11.58,11.85,AZUL4,AZUL PN N2
20230201AZUL4,2023-02-01,11.88,11.61,AZUL4,AZUL PN N2
20230202AZUL4,2023-02-02,11.52,12.44,AZUL4,AZUL PN N2
20230203AZUL4,2023-02-03,12.36,11.42,AZUL4,AZUL PN N2
20230206AZUL4,2023-02-06,11.42,11.42,AZUL4,AZUL PN N2
20230207AZUL4,2023-02-07,11.44,11.06,AZUL4,AZUL PN N2
20230208AZUL4,2023-02-08,11.23,10.8,AZUL4,AZUL PN N2
20230209AZUL4,2023-02-09,10.77,9.52,AZUL4,AZUL PN N2
20230210AZUL4,2023-02-10,9.67,8.81,AZUL4,AZUL PN N2
20230213AZUL4,2023-02-13,8.82,8.43,AZUL4,AZUL PN N2
20230214AZUL4,2023-02-14,8.5,8.0,AZUL4,AZUL PN N2
20230215AZUL4,2023-02-15,8.0,8.41,AZUL4,AZUL PN N2
20230216AZUL4,2023-02-16,8.37,8.03,AZUL4,AZUL PN N2
20230217AZUL4,2023-02-17,7.99,7.79,AZUL4,AZUL PN N2
20230222AZUL4,2023-02-22,7.74,7.35,AZUL4,AZUL PN N2
20230223AZUL4,2023-02-23,7.42,7.26,AZUL4,AZUL PN N2
20230224AZUL4,2023-02-24,7.24,7.62,AZUL4,AZUL PN N2
20230227AZUL4,2023-02-27,7.62,7.4,AZUL4,AZUL PN N2
20230228AZUL4,2023-02-28,7.45,7.13,AZUL4,AZUL PN N2
20230301AZUL4,2023-03-01,7.21,6.89,AZUL4,AZUL PN N2
20230302AZUL4,2023-03-02,6.91,6.79,AZUL4,AZUL PN N2
20230303AZUL4,2023-03-03,6.83,7.24,AZUL4,AZUL PN N2
20230306AZUL4,2023-03-06,8.45,9.99,AZUL4,AZUL PN N2
20230307AZUL4,2023-03-07,10.03,12.0,AZUL4,AZUL PN N2
20230308AZUL4,2023-03-08,11.92,11.98,AZUL4,AZUL PN N2
20230309AZUL4,2023-03-09,11.96,14.25,AZUL4,AZUL PN N2
20230310AZUL4,2023-03-10,13.93,12.64,AZUL4,AZUL PN N2
20230313AZUL4,2023-03-13,12.51,12.38,AZUL4,AZUL PN N2
20230314AZUL4,2023-03-14,12.54,12.73,AZUL4,AZUL PN N2
20230315AZUL4,2023-03-15,12.56,12.92,AZUL4,AZUL PN N2
20230316AZUL4,2023-03-16,12.86,13.36,AZUL4,AZUL PN N2
20230317AZUL4,2023-03-17,13.33,12.98,AZUL4,AZUL PN N2
20230320AZUL4,2023-03-20,13.09,12.8,AZUL4,AZUL PN N2
20230321AZUL4,2023-03-21,12.92,12.94,AZUL4,AZUL PN N2
20230322AZUL4,2023-03-22,12.98,12.28,AZUL4,AZUL PN N2
20230323AZUL4,2023-03-23,12.36,11.19,AZUL4,AZUL PN N2
20230324AZUL4,2023-03-24,11.29,11.68,AZUL4,AZUL PN N2
20230327AZUL4,2023-03-27,11.88,11.34,AZUL4,AZUL PN N2
20230328AZUL4,2023-03-28,11.29,11.76,AZUL4,AZUL PN N2
20230329AZUL4,2023-03-29,11.81,11.68,AZUL4,AZUL PN N2
20230331AZUL4,2023-03-31,12.2,12.03,AZUL4,AZUL PN N2
20230102ABEV3,2023-01-02,14.4,14.19,ABEV3,AMBEV S/A ON
20230103ABEV3,2023-01-03,14.16,14.17,ABEV3,AMBEV S/A ON
20230104ABEV3,2023-01-04,14.28,14.25,ABEV3,AMBEV S/A ON
20230105ABEV3,2023-01-05,14.27,14.29,ABEV3,AMBEV S/A ON
20230106ABEV3,2023-01-06,14.3,14.32,ABEV3,AMBEV S/A ON
20230109ABEV3,2023-01-09,14.29,14.4,ABEV3,AMBEV S/A ON
20230110ABEV3,2023-01-10,14.26,14.54,ABEV3,AMBEV S/A ON
20230111ABEV3,2023-01-11,14.51,14.29,ABEV3,AMBEV S/A ON
20230112ABEV3,2023-01-12,13.8,14.1,ABEV3,AMBEV S/A ON
20230113ABEV3,2023-01-13,14.0,13.88,ABEV3,AMBEV S/A ON
20230116ABEV3,2023-01-16,13.72,13.2,ABEV3,AMBEV S/A ON
20230117ABEV3,2023-01-17,13.3,13.86,ABEV3,AMBEV S/A ON
20230118ABEV3,2023-01-18,13.93,13.78,ABEV3,AMBEV S/A ON
20230119ABEV3,2023-01-19,13.67,13.64,ABEV3,AMBEV S/A ON
20230120ABEV3,2023-01-20,13.55,13.53,ABEV3,AMBEV S/A ON
20230123ABEV3,2023-01-23,13.56,13.42,ABEV3,AMBEV S/A ON
20230124ABEV3,2023-01-24,13.42,13.61,ABEV3,AMBEV S/A ON
20230125ABEV3,2023-01-25,13.55,13.71,ABEV3,AMBEV S/A ON
20230126ABEV3,2023-01-26,13.7,13.74,ABEV3,AMBEV S/A ON
20230127ABEV3,2023-01-27,13.75,13.65,ABEV3,AMBEV S/A ON
20230130ABEV3,2023-01-30,13.69,13.53,ABEV3,AMBEV S/A ON
20230131ABEV3,2023-01-31,13.62,13.66,ABEV3,AMBEV S/A ON
20230201ABEV3,2023-02-01,13.64,13.18,ABEV3,AMBEV S/A ON
20230202ABEV3,2023-02-02,13.06,13.11,ABEV3,AMBEV S/A ON
20230203ABEV3,2023-02-03,13.07,12.98,ABEV3,AMBEV S/A ON
20230206ABEV3,2023-02-06,13.04,13.02,ABEV3,AMBEV S/A ON
20230207ABEV3,2023-02-07,13.02,12.96,ABEV3,AMBEV S/A ON
20230208ABEV3,2023-02-08,13.04,13.19,ABEV3,AMBEV S/A ON
20230209ABEV3,2023-02-09,13.15,13.02,ABEV3,AMBEV S/A ON
20230210ABEV3,2023-02-10,12.98,12.86,ABEV3,AMBEV S/A ON
20230213ABEV3,2023-02-13,12.86,13.13,ABEV3,AMBEV S/A ON
20230214ABEV3,2023-02-14,13.15,13.0,ABEV3,AMBEV S/A ON
20230215ABEV3,2023-02-15,12.99,13.23,ABEV3,AMBEV S/A ON
20230216ABEV3,2023-02-16,13.25,13.08,ABEV3,AMBEV S/A ON
20230217ABEV3,2023-02-17,13.04,13.2,ABEV3,AMBEV S/A ON
20230222ABEV3,2023-02-22,13.05,13.21,ABEV3,AMBEV S/A ON
20230223ABEV3,2023-02-23,13.21,13.25,ABEV3,AMBEV S/A ON
20230224ABEV3,2023-02-24,13.22,13.32,ABEV3,AMBEV S/A ON
20230227ABEV3,2023-02-27,13.38,13.4,ABEV3,AMBEV S/A ON
20230228ABEV3,2023-02-28,13.43,13.39,ABEV3,AMBEV S/A ON
20230301ABEV3,2023-03-01,13.42,13.47,ABEV3,AMBEV S/A ON
20230302ABEV3,2023-03-02,13.47,13.13,ABEV3,AMBEV S/A ON
20230303ABEV3,2023-03-03,13.12,13.11,ABEV3,AMBEV S/A ON
20230306ABEV3,2023-03-06,13.18,13.5,ABEV3,AMBEV S/A ON
20230307ABEV3,2023-03-07,13.47,13.43,ABEV3,AMBEV S/A ON
20230308ABEV3,2023-03-08,13.4,13.62,ABEV3,AMBEV S/A ON
20230309ABEV3,2023-03-09,13.56,13.6,ABEV3,AMBEV S/A ON
20230310ABEV3,2023-03-10,13.52,13.51,ABEV3,AMBEV S/A ON
20230313ABEV3,2023-03-13,13.5,13.61,ABEV3,AMBEV S/A ON
20230314ABEV3,2023-03-14,13.61,13.95,ABEV3,AMBEV S/A ON
20230315ABEV3,2023-03-15,13.8,14.02,ABEV3,AMBEV S/A ON
20230316ABEV3,2023-03-16,14.0,14.26,ABEV3,AMBEV S/A ON
20230317ABEV3,2023-03-17,14.2,14.22,ABEV3,AMBEV S/A ON
20230320ABEV3,2023-03-20,14.2,14.12,ABEV3,AMBEV S/A ON
20230321ABEV3,2023-03-21,14.14,13.95,ABEV3,AMBEV S/A ON
20230322ABEV3,2023-03-22,13.91,13.95,ABEV3,AMBEV S/A ON
20230323ABEV3,2023-03-23,14.01,13.78,ABEV3,AMBEV S/A ON
20230324ABEV3,2023-03-24,13.84,13.89,ABEV3,AMBEV S/A ON
20230327ABEV3,2023-03-27,14.0,13.93,ABEV3,AMBEV S/A ON
20230328ABEV3,2023-03-28,13.95,14.59,ABEV3,AMBEV S/A ON
20230329ABEV3,2023-03-29,14.66,14.81,ABEV3,AMBEV S/A ON
20230331ABEV3,2023-03-31,14.87,14.33,ABEV3,AMBEV S/A ON
